{
  "best_template": "{sentence} a {mask} film.",
  "test_scores": [
    88.87614678899082,
    90.94036697247707,
    92.20183486238533,
    87.72935779816514,
    88.87614678899082
  ],
  "mean": 89.72477064220183,
  "std": 1.6146528354860603
}